{
    "LightGBM": {
        "co2": {
            "mse_train": 0.000015779315807747137,
            "mse_test": 0.0003834291266491532,
            "mape_train": 0.014397765223562179,
            "mape_test": 0.0960325396742516
        },
        "humidity": {
            "mse_train": 0.000004211670442224773,
            "mse_test": 0.00011125495406457099,
            "mape_train": 0.003457759531695317,
            "mape_test": 0.024191800127073986
        },
        "pm10": {
            "mse_train": 0.00001696177308089628,
            "mse_test": 0.00002844059305930986,
            "mape_train": 0.01386773455832154,
            "mape_test": 0.0371763192898084
        },
        "pm25": {
            "mse_train": 0.000002589400889602194,
            "mse_test": 0.00007004687822789939,
            "mape_train": 0.0016536123064370435,
            "mape_test": 0.04151395197398566
        },
        "temperature": {
            "mse_train": 0.000013356455544218606,
            "mse_test": 0.0005545384267024651,
            "mape_train": 0.004267321443796268,
            "mape_test": 0.0354846697697229
        },
        "voc": {
            "mse_train": 0.00009054401462493053,
            "mse_test": 0.000512237625709661,
            "mape_train": 1307978092.56137,
            "mape_test": 2.0952838710636845
        }
    },
    "XGBoost": {
        "co2": {
            "mse_train": 8.596192136598888e-7,
            "mse_test": 0.00040473447626060665,
            "mape_train": 0.013638783788255837,
            "mape_test": 0.10498009521356902
        },
        "humidity": {
            "mse_train": 0.0000010235160013667148,
            "mse_test": 0.00011708588699898824,
            "mape_train": 0.002829243804520438,
            "mape_test": 0.024944269371340408
        },
        "pm10": {
            "mse_train": 5.472537797092835e-7,
            "mse_test": 0.00002649203592035359,
            "mape_train": 0.007561640681939307,
            "mape_test": 0.041401718434739304
        },
        "pm25": {
            "mse_train": 0.000001000575344108515,
            "mse_test": 0.00006058677648190005,
            "mape_train": 0.008539246188831317,
            "mape_test": 0.03985426224063079
        },
        "temperature": {
            "mse_train": 0.0000011473535118124059,
            "mse_test": 0.0005785841453509738,
            "mape_train": 0.001888320852470746,
            "mape_test": 0.036092700292252575
        },
        "voc": {
            "mse_train": 0.00003857943413980107,
            "mse_test": 0.0005592449816357979,
            "mape_train": 761959357.8839059,
            "mape_test": 2.2480892828163315
        }
    },
    "RandomForest": {
        "co2": {
            "mse_train": 0.00008441769173604155,
            "mse_test": 0.0004130889349151048,
            "mape_train": 0.03543979478677175,
            "mape_test": 0.09769666137466874
        },
        "humidity": {
            "mse_train": 0.000018731908551367496,
            "mse_test": 0.00012803901315175503,
            "mape_train": 0.012634436578962358,
            "mape_test": 0.025688158497987505
        },
        "pm10": {
            "mse_train": 0.000008184036546021504,
            "mse_test": 0.000029415527326649163,
            "mape_train": 0.01367242019965932,
            "mape_test": 0.03973741882761573
        },
        "pm25": {
            "mse_train": 0.000014190257516247612,
            "mse_test": 0.0000755430535408509,
            "mape_train": 0.013872575996242108,
            "mape_test": 0.04490822868057668
        },
        "temperature": {
            "mse_train": 0.00011263727229341485,
            "mse_test": 0.0004815916475387639,
            "mape_train": 0.01512479457393074,
            "mape_test": 0.03274430375855317
        },
        "voc": {
            "mse_train": 0.000045683268417354434,
            "mse_test": 0.0005566348748456173,
            "mape_train": 234954067.78129557,
            "mape_test": 2.146760018434944
        }
    },
    "KNN": {
        "co2": {
            "mse_train": 0,
            "mse_test": 0.005503547348907227,
            "mape_train": 0,
            "mape_test": 0.5161147072599092
        },
        "humidity": {
            "mse_train": 0,
            "mse_test": 0.01893204207821087,
            "mape_train": 0,
            "mape_test": 0.315417635093018
        },
        "pm10": {
            "mse_train": 0.0030764833089324223,
            "mse_test": 0.004352128162340118,
            "mape_train": 0.5061598767238651,
            "mape_test": 0.7379735590250129
        },
        "pm25": {
            "mse_train": 0.008045343020881866,
            "mse_test": 0.010209234695670984,
            "mape_train": 0.5640949522691339,
            "mape_test": 0.8387197841588739
        },
        "temperature": {
            "mse_train": 0,
            "mse_test": 0.02257453364720338,
            "mape_train": 0,
            "mape_test": 0.2497186503797762
        },
        "voc": {
            "mse_train": 0,
            "mse_test": 0.0016888555209509987,
            "mape_train": 0,
            "mape_test": 7.281940974826279
        }
    },
    "SVR": {
        "co2": {
            "mse_train": 0.0007180655368173503,
            "mse_test": 0.0006843494496194208,
            "mape_train": 0.2306277171927134,
            "mape_test": 0.24244565277034938
        },
        "humidity": {
            "mse_train": 0.0000534710665068073,
            "mse_test": 0.00005930342021103925,
            "mape_train": 0.02027342840062368,
            "mape_test": 0.01851282401967276
        },
        "pm10": {
            "mse_train": 0.00003180333752852754,
            "mse_test": 0.00008794357447488815,
            "mape_train": 0.04491442108917617,
            "mape_test": 0.11706133881148008
        },
        "pm25": {
            "mse_train": 0.00006568116457050655,
            "mse_test": 0.00006298741441354318,
            "mape_train": 0.03137873467354943,
            "mape_test": 0.0705370720280529
        },
        "temperature": {
            "mse_train": 0.0005095585364366853,
            "mse_test": 0.0002899542450183089,
            "mape_train": 0.031072115737309846,
            "mape_test": 0.026371552642149455
        },
        "voc": {
            "mse_train": 0.0003213484588176965,
            "mse_test": 0.00043322552369807647,
            "mape_train": 6829312180.295522,
            "mape_test": 3.195298841037611
        }
    },
    "DecisionTree": {
        "co2": {
            "mse_train": 0.0007693542554771322,
            "mse_test": 0.0006956683093622901,
            "mape_train": 0.17797825493029418,
            "mape_test": 0.1819306111689201
        },
        "humidity": {
            "mse_train": 0.00015697700058921757,
            "mse_test": 0.00016353827440504544,
            "mape_train": 0.04261370551580584,
            "mape_test": 0.030799742199414424
        },
        "pm10": {
            "mse_train": 0.00006601198356502729,
            "mse_test": 0.00006525140704170213,
            "mape_train": 0.06775757180243759,
            "mape_test": 0.06370130718781025
        },
        "pm25": {
            "mse_train": 0.00009340742589621602,
            "mse_test": 0.00011674666605609149,
            "mape_train": 0.04323908834779053,
            "mape_test": 0.0536141637702381
        },
        "temperature": {
            "mse_train": 0.0006957168852144372,
            "mse_test": 0.0010457441058769677,
            "mape_train": 0.04368938675379915,
            "mape_test": 0.04965201958026492
        },
        "voc": {
            "mse_train": 0.0003888527748710825,
            "mse_test": 0.0006858671526487277,